--
-- PostgreSQL database dump
--

-- Dumped from database version 17.3
-- Dumped by pg_dump version 17.3

-- Started on 2025-10-03 14:21:32

SET statement_timeout = 0;
SET lock_timeout = 0;
SET idle_in_transaction_session_timeout = 0;
SET transaction_timeout = 0;
SET client_encoding = 'UTF8';
SET standard_conforming_strings = on;
SELECT pg_catalog.set_config('search_path', '', false);
SET check_function_bodies = false;
SET xmloption = content;
SET client_min_messages = warning;
SET row_security = off;

SET default_tablespace = '';

SET default_table_access_method = heap;

--
-- TOC entry 244 (class 1259 OID 17161)
-- Name: auth_group; Type: TABLE; Schema: public; Owner: app_user
--

CREATE TABLE public.auth_group (
    id integer NOT NULL,
    name character varying(150) NOT NULL
);


ALTER TABLE public.auth_group OWNER TO app_user;

--
-- TOC entry 243 (class 1259 OID 17160)
-- Name: auth_group_id_seq; Type: SEQUENCE; Schema: public; Owner: app_user
--

ALTER TABLE public.auth_group ALTER COLUMN id ADD GENERATED BY DEFAULT AS IDENTITY (
    SEQUENCE NAME public.auth_group_id_seq
    START WITH 1
    INCREMENT BY 1
    NO MINVALUE
    NO MAXVALUE
    CACHE 1
);


--
-- TOC entry 246 (class 1259 OID 17169)
-- Name: auth_group_permissions; Type: TABLE; Schema: public; Owner: app_user
--

CREATE TABLE public.auth_group_permissions (
    id bigint NOT NULL,
    group_id integer NOT NULL,
    permission_id integer NOT NULL
);


ALTER TABLE public.auth_group_permissions OWNER TO app_user;

--
-- TOC entry 245 (class 1259 OID 17168)
-- Name: auth_group_permissions_id_seq; Type: SEQUENCE; Schema: public; Owner: app_user
--

ALTER TABLE public.auth_group_permissions ALTER COLUMN id ADD GENERATED BY DEFAULT AS IDENTITY (
    SEQUENCE NAME public.auth_group_permissions_id_seq
    START WITH 1
    INCREMENT BY 1
    NO MINVALUE
    NO MAXVALUE
    CACHE 1
);


--
-- TOC entry 242 (class 1259 OID 17155)
-- Name: auth_permission; Type: TABLE; Schema: public; Owner: app_user
--

CREATE TABLE public.auth_permission (
    id integer NOT NULL,
    name character varying(255) NOT NULL,
    content_type_id integer NOT NULL,
    codename character varying(100) NOT NULL
);


ALTER TABLE public.auth_permission OWNER TO app_user;

--
-- TOC entry 241 (class 1259 OID 17154)
-- Name: auth_permission_id_seq; Type: SEQUENCE; Schema: public; Owner: app_user
--

ALTER TABLE public.auth_permission ALTER COLUMN id ADD GENERATED BY DEFAULT AS IDENTITY (
    SEQUENCE NAME public.auth_permission_id_seq
    START WITH 1
    INCREMENT BY 1
    NO MINVALUE
    NO MAXVALUE
    CACHE 1
);


--
-- TOC entry 248 (class 1259 OID 17175)
-- Name: auth_user; Type: TABLE; Schema: public; Owner: app_user
--

CREATE TABLE public.auth_user (
    id integer NOT NULL,
    password character varying(128) NOT NULL,
    last_login timestamp with time zone,
    is_superuser boolean NOT NULL,
    username character varying(150) NOT NULL,
    first_name character varying(150) NOT NULL,
    last_name character varying(150) NOT NULL,
    email character varying(254) NOT NULL,
    is_staff boolean NOT NULL,
    is_active boolean NOT NULL,
    date_joined timestamp with time zone NOT NULL
);


ALTER TABLE public.auth_user OWNER TO app_user;

--
-- TOC entry 250 (class 1259 OID 17183)
-- Name: auth_user_groups; Type: TABLE; Schema: public; Owner: app_user
--

CREATE TABLE public.auth_user_groups (
    id bigint NOT NULL,
    user_id integer NOT NULL,
    group_id integer NOT NULL
);


ALTER TABLE public.auth_user_groups OWNER TO app_user;

--
-- TOC entry 249 (class 1259 OID 17182)
-- Name: auth_user_groups_id_seq; Type: SEQUENCE; Schema: public; Owner: app_user
--

ALTER TABLE public.auth_user_groups ALTER COLUMN id ADD GENERATED BY DEFAULT AS IDENTITY (
    SEQUENCE NAME public.auth_user_groups_id_seq
    START WITH 1
    INCREMENT BY 1
    NO MINVALUE
    NO MAXVALUE
    CACHE 1
);


--
-- TOC entry 247 (class 1259 OID 17174)
-- Name: auth_user_id_seq; Type: SEQUENCE; Schema: public; Owner: app_user
--

ALTER TABLE public.auth_user ALTER COLUMN id ADD GENERATED BY DEFAULT AS IDENTITY (
    SEQUENCE NAME public.auth_user_id_seq
    START WITH 1
    INCREMENT BY 1
    NO MINVALUE
    NO MAXVALUE
    CACHE 1
);


--
-- TOC entry 252 (class 1259 OID 17189)
-- Name: auth_user_user_permissions; Type: TABLE; Schema: public; Owner: app_user
--

CREATE TABLE public.auth_user_user_permissions (
    id bigint NOT NULL,
    user_id integer NOT NULL,
    permission_id integer NOT NULL
);


ALTER TABLE public.auth_user_user_permissions OWNER TO app_user;

--
-- TOC entry 251 (class 1259 OID 17188)
-- Name: auth_user_user_permissions_id_seq; Type: SEQUENCE; Schema: public; Owner: app_user
--

ALTER TABLE public.auth_user_user_permissions ALTER COLUMN id ADD GENERATED BY DEFAULT AS IDENTITY (
    SEQUENCE NAME public.auth_user_user_permissions_id_seq
    START WITH 1
    INCREMENT BY 1
    NO MINVALUE
    NO MAXVALUE
    CACHE 1
);


--
-- TOC entry 224 (class 1259 OID 17029)
-- Name: datphong; Type: TABLE; Schema: public; Owner: postgres
--

CREATE TABLE public.datphong (
    madatphong integer NOT NULL,
    makhachhang integer NOT NULL,
    maphong integer NOT NULL,
    ngaydat date,
    ngaynhan date,
    ngaytra date,
    trangthai text,
    CONSTRAINT chk_datphong_dates CHECK (((ngaytra IS NULL) OR (ngaynhan IS NULL) OR (ngaytra > ngaynhan)))
);


ALTER TABLE public.datphong OWNER TO postgres;

--
-- TOC entry 223 (class 1259 OID 17028)
-- Name: datphong_madatphong_seq; Type: SEQUENCE; Schema: public; Owner: postgres
--

ALTER TABLE public.datphong ALTER COLUMN madatphong ADD GENERATED ALWAYS AS IDENTITY (
    SEQUENCE NAME public.datphong_madatphong_seq
    START WITH 1
    INCREMENT BY 1
    NO MINVALUE
    NO MAXVALUE
    CACHE 1
);


--
-- TOC entry 232 (class 1259 OID 17087)
-- Name: dichvu; Type: TABLE; Schema: public; Owner: postgres
--

CREATE TABLE public.dichvu (
    madichvu integer NOT NULL,
    tendichvu text,
    mota text,
    gia numeric(12,2)
);


ALTER TABLE public.dichvu OWNER TO postgres;

--
-- TOC entry 231 (class 1259 OID 17086)
-- Name: dichvu_madichvu_seq; Type: SEQUENCE; Schema: public; Owner: postgres
--

ALTER TABLE public.dichvu ALTER COLUMN madichvu ADD GENERATED ALWAYS AS IDENTITY (
    SEQUENCE NAME public.dichvu_madichvu_seq
    START WITH 1
    INCREMENT BY 1
    NO MINVALUE
    NO MAXVALUE
    CACHE 1
);


--
-- TOC entry 254 (class 1259 OID 17247)
-- Name: django_admin_log; Type: TABLE; Schema: public; Owner: app_user
--

CREATE TABLE public.django_admin_log (
    id integer NOT NULL,
    action_time timestamp with time zone NOT NULL,
    object_id text,
    object_repr character varying(200) NOT NULL,
    action_flag smallint NOT NULL,
    change_message text NOT NULL,
    content_type_id integer,
    user_id integer NOT NULL,
    CONSTRAINT django_admin_log_action_flag_check CHECK ((action_flag >= 0))
);


ALTER TABLE public.django_admin_log OWNER TO app_user;

--
-- TOC entry 253 (class 1259 OID 17246)
-- Name: django_admin_log_id_seq; Type: SEQUENCE; Schema: public; Owner: app_user
--

ALTER TABLE public.django_admin_log ALTER COLUMN id ADD GENERATED BY DEFAULT AS IDENTITY (
    SEQUENCE NAME public.django_admin_log_id_seq
    START WITH 1
    INCREMENT BY 1
    NO MINVALUE
    NO MAXVALUE
    CACHE 1
);


--
-- TOC entry 240 (class 1259 OID 17147)
-- Name: django_content_type; Type: TABLE; Schema: public; Owner: app_user
--

CREATE TABLE public.django_content_type (
    id integer NOT NULL,
    app_label character varying(100) NOT NULL,
    model character varying(100) NOT NULL
);


ALTER TABLE public.django_content_type OWNER TO app_user;

--
-- TOC entry 239 (class 1259 OID 17146)
-- Name: django_content_type_id_seq; Type: SEQUENCE; Schema: public; Owner: app_user
--

ALTER TABLE public.django_content_type ALTER COLUMN id ADD GENERATED BY DEFAULT AS IDENTITY (
    SEQUENCE NAME public.django_content_type_id_seq
    START WITH 1
    INCREMENT BY 1
    NO MINVALUE
    NO MAXVALUE
    CACHE 1
);


--
-- TOC entry 238 (class 1259 OID 17139)
-- Name: django_migrations; Type: TABLE; Schema: public; Owner: app_user
--

CREATE TABLE public.django_migrations (
    id bigint NOT NULL,
    app character varying(255) NOT NULL,
    name character varying(255) NOT NULL,
    applied timestamp with time zone NOT NULL
);


ALTER TABLE public.django_migrations OWNER TO app_user;

--
-- TOC entry 237 (class 1259 OID 17138)
-- Name: django_migrations_id_seq; Type: SEQUENCE; Schema: public; Owner: app_user
--

ALTER TABLE public.django_migrations ALTER COLUMN id ADD GENERATED BY DEFAULT AS IDENTITY (
    SEQUENCE NAME public.django_migrations_id_seq
    START WITH 1
    INCREMENT BY 1
    NO MINVALUE
    NO MAXVALUE
    CACHE 1
);


--
-- TOC entry 255 (class 1259 OID 17275)
-- Name: django_session; Type: TABLE; Schema: public; Owner: app_user
--

CREATE TABLE public.django_session (
    session_key character varying(40) NOT NULL,
    session_data text NOT NULL,
    expire_date timestamp with time zone NOT NULL
);


ALTER TABLE public.django_session OWNER TO app_user;

--
-- TOC entry 226 (class 1259 OID 17051)
-- Name: hoadon; Type: TABLE; Schema: public; Owner: postgres
--

CREATE TABLE public.hoadon (
    mahoadon integer NOT NULL,
    madatphong integer NOT NULL,
    ngayphathanh date,
    tienphong numeric(12,2),
    tiendichvu numeric(12,2),
    tongtien numeric(12,2),
    trangthai text
);


ALTER TABLE public.hoadon OWNER TO postgres;

--
-- TOC entry 225 (class 1259 OID 17050)
-- Name: hoadon_mahoadon_seq; Type: SEQUENCE; Schema: public; Owner: postgres
--

ALTER TABLE public.hoadon ALTER COLUMN mahoadon ADD GENERATED ALWAYS AS IDENTITY (
    SEQUENCE NAME public.hoadon_mahoadon_seq
    START WITH 1
    INCREMENT BY 1
    NO MINVALUE
    NO MAXVALUE
    CACHE 1
);


--
-- TOC entry 218 (class 1259 OID 16997)
-- Name: khachhang; Type: TABLE; Schema: public; Owner: postgres
--

CREATE TABLE public.khachhang (
    makhachhang integer NOT NULL,
    tenkhachhang text,
    cccd text,
    sdt text,
    email text,
    diachi text,
    ngaysinh date
);


ALTER TABLE public.khachhang OWNER TO postgres;

--
-- TOC entry 217 (class 1259 OID 16996)
-- Name: khachhang_makhachhang_seq; Type: SEQUENCE; Schema: public; Owner: postgres
--

ALTER TABLE public.khachhang ALTER COLUMN makhachhang ADD GENERATED ALWAYS AS IDENTITY (
    SEQUENCE NAME public.khachhang_makhachhang_seq
    START WITH 1
    INCREMENT BY 1
    NO MINVALUE
    NO MAXVALUE
    CACHE 1
);


--
-- TOC entry 220 (class 1259 OID 17007)
-- Name: loaiphong; Type: TABLE; Schema: public; Owner: postgres
--

CREATE TABLE public.loaiphong (
    maloaiphong integer NOT NULL,
    tenloaiphong text,
    mota text,
    gia numeric(12,2)
);


ALTER TABLE public.loaiphong OWNER TO postgres;

--
-- TOC entry 219 (class 1259 OID 17006)
-- Name: loaiphong_maloaiphong_seq; Type: SEQUENCE; Schema: public; Owner: postgres
--

ALTER TABLE public.loaiphong ALTER COLUMN maloaiphong ADD GENERATED ALWAYS AS IDENTITY (
    SEQUENCE NAME public.loaiphong_maloaiphong_seq
    START WITH 1
    INCREMENT BY 1
    NO MINVALUE
    NO MAXVALUE
    CACHE 1
);


--
-- TOC entry 230 (class 1259 OID 17079)
-- Name: nhanvien; Type: TABLE; Schema: public; Owner: postgres
--

CREATE TABLE public.nhanvien (
    manhanvien integer NOT NULL,
    hoten text,
    sdt text,
    email text,
    chucvu text,
    luong numeric(12,2),
    ngayvaolam date
);


ALTER TABLE public.nhanvien OWNER TO postgres;

--
-- TOC entry 229 (class 1259 OID 17078)
-- Name: nhanvien_manhanvien_seq; Type: SEQUENCE; Schema: public; Owner: postgres
--

ALTER TABLE public.nhanvien ALTER COLUMN manhanvien ADD GENERATED ALWAYS AS IDENTITY (
    SEQUENCE NAME public.nhanvien_manhanvien_seq
    START WITH 1
    INCREMENT BY 1
    NO MINVALUE
    NO MAXVALUE
    CACHE 1
);


--
-- TOC entry 222 (class 1259 OID 17015)
-- Name: phong; Type: TABLE; Schema: public; Owner: postgres
--

CREATE TABLE public.phong (
    maphong integer NOT NULL,
    sophong text,
    maloaiphong integer NOT NULL,
    trangthai text
);


ALTER TABLE public.phong OWNER TO postgres;

--
-- TOC entry 221 (class 1259 OID 17014)
-- Name: phong_maphong_seq; Type: SEQUENCE; Schema: public; Owner: postgres
--

ALTER TABLE public.phong ALTER COLUMN maphong ADD GENERATED ALWAYS AS IDENTITY (
    SEQUENCE NAME public.phong_maphong_seq
    START WITH 1
    INCREMENT BY 1
    NO MINVALUE
    NO MAXVALUE
    CACHE 1
);


--
-- TOC entry 234 (class 1259 OID 17095)
-- Name: sudungdichvu; Type: TABLE; Schema: public; Owner: postgres
--

CREATE TABLE public.sudungdichvu (
    masddv integer NOT NULL,
    madatphong integer NOT NULL,
    madichvu integer NOT NULL,
    soluong integer,
    tongtien numeric(12,2)
);


ALTER TABLE public.sudungdichvu OWNER TO postgres;

--
-- TOC entry 233 (class 1259 OID 17094)
-- Name: sudungdichvu_masddv_seq; Type: SEQUENCE; Schema: public; Owner: postgres
--

ALTER TABLE public.sudungdichvu ALTER COLUMN masddv ADD GENERATED ALWAYS AS IDENTITY (
    SEQUENCE NAME public.sudungdichvu_masddv_seq
    START WITH 1
    INCREMENT BY 1
    NO MINVALUE
    NO MAXVALUE
    CACHE 1
);


--
-- TOC entry 236 (class 1259 OID 17113)
-- Name: taikhoan; Type: TABLE; Schema: public; Owner: postgres
--

CREATE TABLE public.taikhoan (
    mataikhoan integer NOT NULL,
    makhachhang integer,
    manhanvien integer,
    tentaikhoan text,
    matkhau text,
    vaitro text,
    email text
);


ALTER TABLE public.taikhoan OWNER TO postgres;

--
-- TOC entry 235 (class 1259 OID 17112)
-- Name: taikhoan_mataikhoan_seq; Type: SEQUENCE; Schema: public; Owner: postgres
--

ALTER TABLE public.taikhoan ALTER COLUMN mataikhoan ADD GENERATED ALWAYS AS IDENTITY (
    SEQUENCE NAME public.taikhoan_mataikhoan_seq
    START WITH 1
    INCREMENT BY 1
    NO MINVALUE
    NO MAXVALUE
    CACHE 1
);


--
-- TOC entry 228 (class 1259 OID 17065)
-- Name: thanhtoan; Type: TABLE; Schema: public; Owner: postgres
--

CREATE TABLE public.thanhtoan (
    mathanhtoan integer NOT NULL,
    mahoadon integer NOT NULL,
    sotien numeric(12,2),
    hinhthucthanhtoan text,
    thoigian time without time zone,
    trangthai text
);


ALTER TABLE public.thanhtoan OWNER TO postgres;

--
-- TOC entry 227 (class 1259 OID 17064)
-- Name: thanhtoan_mathanhtoan_seq; Type: SEQUENCE; Schema: public; Owner: postgres
--

ALTER TABLE public.thanhtoan ALTER COLUMN mathanhtoan ADD GENERATED ALWAYS AS IDENTITY (
    SEQUENCE NAME public.thanhtoan_mathanhtoan_seq
    START WITH 1
    INCREMENT BY 1
    NO MINVALUE
    NO MAXVALUE
    CACHE 1
);


--
-- TOC entry 5062 (class 0 OID 17161)
-- Dependencies: 244
-- Data for Name: auth_group; Type: TABLE DATA; Schema: public; Owner: app_user
--

COPY public.auth_group (id, name) FROM stdin;
\.


--
-- TOC entry 5064 (class 0 OID 17169)
-- Dependencies: 246
-- Data for Name: auth_group_permissions; Type: TABLE DATA; Schema: public; Owner: app_user
--

COPY public.auth_group_permissions (id, group_id, permission_id) FROM stdin;
\.


--
-- TOC entry 5060 (class 0 OID 17155)
-- Dependencies: 242
-- Data for Name: auth_permission; Type: TABLE DATA; Schema: public; Owner: app_user
--

COPY public.auth_permission (id, name, content_type_id, codename) FROM stdin;
1	Can add log entry	1	add_logentry
2	Can change log entry	1	change_logentry
3	Can delete log entry	1	delete_logentry
4	Can view log entry	1	view_logentry
5	Can add permission	2	add_permission
6	Can change permission	2	change_permission
7	Can delete permission	2	delete_permission
8	Can view permission	2	view_permission
9	Can add group	3	add_group
10	Can change group	3	change_group
11	Can delete group	3	delete_group
12	Can view group	3	view_group
13	Can add user	4	add_user
14	Can change user	4	change_user
15	Can delete user	4	delete_user
16	Can view user	4	view_user
17	Can add content type	5	add_contenttype
18	Can change content type	5	change_contenttype
19	Can delete content type	5	delete_contenttype
20	Can view content type	5	view_contenttype
21	Can add session	6	add_session
22	Can change session	6	change_session
23	Can delete session	6	delete_session
24	Can view session	6	view_session
\.


--
-- TOC entry 5066 (class 0 OID 17175)
-- Dependencies: 248
-- Data for Name: auth_user; Type: TABLE DATA; Schema: public; Owner: app_user
--

COPY public.auth_user (id, password, last_login, is_superuser, username, first_name, last_name, email, is_staff, is_active, date_joined) FROM stdin;
1	pbkdf2_sha256$1000000$6C4A5nteCnJeVaU6RU4XUV$I6Kd4Q9g3ff6hJtKmohES+IjkTRRpCEALd+1m5FJE5w=	2025-09-29 01:10:46.221044+07	t	lenovo			lik04032004@gmail.com	t	t	2025-09-28 01:05:11.92897+07
2	!wnwFo94wyuPd8D2BwiaNh45aLgd4eo8IR9NXWo7t	2025-09-29 01:30:31.127766+07	f	quochuy			quochuy@example.com	f	t	2025-09-29 01:29:57.693755+07
\.


--
-- TOC entry 5068 (class 0 OID 17183)
-- Dependencies: 250
-- Data for Name: auth_user_groups; Type: TABLE DATA; Schema: public; Owner: app_user
--

COPY public.auth_user_groups (id, user_id, group_id) FROM stdin;
\.


--
-- TOC entry 5070 (class 0 OID 17189)
-- Dependencies: 252
-- Data for Name: auth_user_user_permissions; Type: TABLE DATA; Schema: public; Owner: app_user
--

COPY public.auth_user_user_permissions (id, user_id, permission_id) FROM stdin;
\.


--
-- TOC entry 5042 (class 0 OID 17029)
-- Dependencies: 224
-- Data for Name: datphong; Type: TABLE DATA; Schema: public; Owner: postgres
--

COPY public.datphong (madatphong, makhachhang, maphong, ngaydat, ngaynhan, ngaytra, trangthai) FROM stdin;
1	1	1	2025-09-10	2025-09-12	2025-09-14	Hoàn thành
2	2	3	2025-09-15	2025-09-20	2025-09-22	Hoàn thành
3	3	4	2025-09-20	2025-09-27	2025-09-30	Đang ở
4	4	2	2025-09-25	2025-10-02	2025-10-05	Đã xác nhận
5	5	5	2025-09-23	2025-10-10	2025-10-12	Đang chờ
\.


--
-- TOC entry 5050 (class 0 OID 17087)
-- Dependencies: 232
-- Data for Name: dichvu; Type: TABLE DATA; Schema: public; Owner: postgres
--

COPY public.dichvu (madichvu, tendichvu, mota, gia) FROM stdin;
1	Breakfast	Bữa sáng buffet	120000.00
2	AirportPickup	Đưa đón sân bay	250000.00
3	Laundry	Giặt ủi	60000.00
4	Spa	Massage thư giãn	400000.00
5	MiniBar	Nước uống – snack	80000.00
\.


--
-- TOC entry 5072 (class 0 OID 17247)
-- Dependencies: 254
-- Data for Name: django_admin_log; Type: TABLE DATA; Schema: public; Owner: app_user
--

COPY public.django_admin_log (id, action_time, object_id, object_repr, action_flag, change_message, content_type_id, user_id) FROM stdin;
\.


--
-- TOC entry 5058 (class 0 OID 17147)
-- Dependencies: 240
-- Data for Name: django_content_type; Type: TABLE DATA; Schema: public; Owner: app_user
--

COPY public.django_content_type (id, app_label, model) FROM stdin;
1	admin	logentry
2	auth	permission
3	auth	group
4	auth	user
5	contenttypes	contenttype
6	sessions	session
7	hotel	khachhang
\.


--
-- TOC entry 5056 (class 0 OID 17139)
-- Dependencies: 238
-- Data for Name: django_migrations; Type: TABLE DATA; Schema: public; Owner: app_user
--

COPY public.django_migrations (id, app, name, applied) FROM stdin;
1	contenttypes	0001_initial	2025-09-28 01:04:18.027084+07
2	auth	0001_initial	2025-09-28 01:04:18.094092+07
3	admin	0001_initial	2025-09-28 01:04:18.110294+07
4	admin	0002_logentry_remove_auto_add	2025-09-28 01:04:18.114865+07
5	admin	0003_logentry_add_action_flag_choices	2025-09-28 01:04:18.119848+07
6	contenttypes	0002_remove_content_type_name	2025-09-28 01:04:18.131207+07
7	auth	0002_alter_permission_name_max_length	2025-09-28 01:04:18.136095+07
8	auth	0003_alter_user_email_max_length	2025-09-28 01:04:18.144415+07
9	auth	0004_alter_user_username_opts	2025-09-28 01:04:18.14868+07
10	auth	0005_alter_user_last_login_null	2025-09-28 01:04:18.153382+07
11	auth	0006_require_contenttypes_0002	2025-09-28 01:04:18.154244+07
12	auth	0007_alter_validators_add_error_messages	2025-09-28 01:04:18.157975+07
13	auth	0008_alter_user_username_max_length	2025-09-28 01:04:18.166961+07
14	auth	0009_alter_user_last_name_max_length	2025-09-28 01:04:18.172066+07
15	auth	0010_alter_group_name_max_length	2025-09-28 01:04:18.178836+07
16	auth	0011_update_proxy_permissions	2025-09-28 01:04:18.183059+07
17	auth	0012_alter_user_first_name_max_length	2025-09-28 01:04:18.188125+07
18	sessions	0001_initial	2025-09-28 01:04:18.1981+07
\.


--
-- TOC entry 5073 (class 0 OID 17275)
-- Dependencies: 255
-- Data for Name: django_session; Type: TABLE DATA; Schema: public; Owner: app_user
--

COPY public.django_session (session_key, session_data, expire_date) FROM stdin;
\.


--
-- TOC entry 5044 (class 0 OID 17051)
-- Dependencies: 226
-- Data for Name: hoadon; Type: TABLE DATA; Schema: public; Owner: postgres
--

COPY public.hoadon (mahoadon, madatphong, ngayphathanh, tienphong, tiendichvu, tongtien, trangthai) FROM stdin;
1	1	2025-09-14	1400000.00	240000.00	1640000.00	Đã thanh toán
2	2	2025-09-22	1900000.00	250000.00	2150000.00	Đã thanh toán
3	3	2025-09-27	1200000.00	240000.00	1440000.00	Thanh toán một phần
4	4	2025-10-02	2100000.00	300000.00	2400000.00	Chưa thanh toán
5	5	2025-10-10	3600000.00	400000.00	4000000.00	Chưa phát hành
\.


--
-- TOC entry 5036 (class 0 OID 16997)
-- Dependencies: 218
-- Data for Name: khachhang; Type: TABLE DATA; Schema: public; Owner: postgres
--

COPY public.khachhang (makhachhang, tenkhachhang, cccd, sdt, email, diachi, ngaysinh) FROM stdin;
1	Nguyễn Minh Anh	012345678901	0911000001	minhanh@example.com	Q.1, TP.HCM	1998-05-21
2	Trần Thu Hà	012345678902	0911000002	thuha@example.com	Q.3, TP.HCM	1995-11-02
3	Lê Quốc Huy	012345678903	0911000003	quochuy@example.com	Q.10, TP.HCM	1992-01-15
4	Phạm Bảo Ngọc	012345678904	0911000004	baongoc@example.com	TP. Thủ Đức	2000-07-09
5	Đỗ Nhật Nam	012345678905	0911000005	nhatnam@example.com	Q.7, TP.HCM	1999-12-30
\.


--
-- TOC entry 5038 (class 0 OID 17007)
-- Dependencies: 220
-- Data for Name: loaiphong; Type: TABLE DATA; Schema: public; Owner: postgres
--

COPY public.loaiphong (maloaiphong, tenloaiphong, mota, gia) FROM stdin;
1	Standard	Phòng tiêu chuẩn 1 giường đôi	700000.00
2	Deluxe	Phòng rộng hơn, view phố	950000.00
3	Premium	Phòng cao cấp, tiện nghi hơn	1200000.00
4	Suite	Phòng Suite, phòng khách riêng	1800000.00
5	Family	Phòng gia đình 2 giường lớn	1600000.00
\.


--
-- TOC entry 5048 (class 0 OID 17079)
-- Dependencies: 230
-- Data for Name: nhanvien; Type: TABLE DATA; Schema: public; Owner: postgres
--

COPY public.nhanvien (manhanvien, hoten, sdt, email, chucvu, luong, ngayvaolam) FROM stdin;
1	Ngô Thanh Tùng	0902000001	tung.le-tan@example.com	Lễ tân	9000000.00	2023-03-01
2	Võ Mỹ Linh	0902000002	linh.ketoan@example.com	Kế toán	12000000.00	2022-08-15
3	Bùi Đức Long	0902000003	long.hk@example.com	Housekeeping	8000000.00	2024-02-12
4	Nguyễn Hữu Phát	0902000004	phat.quanly@example.com	Quản lý	18000000.00	2021-06-20
5	Phan Gia Huy	0902000005	huy.kythuat@example.com	Kỹ thuật	9500000.00	2023-10-05
\.


--
-- TOC entry 5040 (class 0 OID 17015)
-- Dependencies: 222
-- Data for Name: phong; Type: TABLE DATA; Schema: public; Owner: postgres
--

COPY public.phong (maphong, sophong, maloaiphong, trangthai) FROM stdin;
1	101	1	Trống
2	102	1	Trống
3	201	2	Trống
4	301	3	Trống
5	401	4	Trống
\.


--
-- TOC entry 5052 (class 0 OID 17095)
-- Dependencies: 234
-- Data for Name: sudungdichvu; Type: TABLE DATA; Schema: public; Owner: postgres
--

COPY public.sudungdichvu (masddv, madatphong, madichvu, soluong, tongtien) FROM stdin;
1	1	1	2	240000.00
2	2	2	1	250000.00
3	3	5	3	240000.00
4	4	3	5	300000.00
5	5	4	1	400000.00
\.


--
-- TOC entry 5054 (class 0 OID 17113)
-- Dependencies: 236
-- Data for Name: taikhoan; Type: TABLE DATA; Schema: public; Owner: postgres
--

COPY public.taikhoan (mataikhoan, makhachhang, manhanvien, tentaikhoan, matkhau, vaitro, email) FROM stdin;
1	1	\N	minhanh	Pass#2025	Khach	minhanh@example.com
2	2	\N	thuha	Pass#2025	Khach	thuha@example.com
3	3	\N	quochuy	Pass#2025	Khach	quochuy@example.com
4	\N	2	linhkt	Emp#2025	KeToan	linh.ketoan@example.com
5	\N	4	quanly	Emp#2025	QuanLy	phat.quanly@example.com
\.


--
-- TOC entry 5046 (class 0 OID 17065)
-- Dependencies: 228
-- Data for Name: thanhtoan; Type: TABLE DATA; Schema: public; Owner: postgres
--

COPY public.thanhtoan (mathanhtoan, mahoadon, sotien, hinhthucthanhtoan, thoigian, trangthai) FROM stdin;
1	1	1640000.00	Tiền mặt	10:30:00	ThanhCong
2	2	2150000.00	Chuyển khoản	11:00:00	ThanhCong
3	3	700000.00	Thẻ	14:30:00	ThanhCong
4	4	0.00	Tiền mặt	09:00:00	Cho
5	5	1000000.00	Chuyển khoản	16:45:00	Cho
\.


--
-- TOC entry 5100 (class 0 OID 0)
-- Dependencies: 243
-- Name: auth_group_id_seq; Type: SEQUENCE SET; Schema: public; Owner: app_user
--

SELECT pg_catalog.setval('public.auth_group_id_seq', 1, false);


--
-- TOC entry 5101 (class 0 OID 0)
-- Dependencies: 245
-- Name: auth_group_permissions_id_seq; Type: SEQUENCE SET; Schema: public; Owner: app_user
--

SELECT pg_catalog.setval('public.auth_group_permissions_id_seq', 1, false);


--
-- TOC entry 5102 (class 0 OID 0)
-- Dependencies: 241
-- Name: auth_permission_id_seq; Type: SEQUENCE SET; Schema: public; Owner: app_user
--

SELECT pg_catalog.setval('public.auth_permission_id_seq', 24, true);


--
-- TOC entry 5103 (class 0 OID 0)
-- Dependencies: 249
-- Name: auth_user_groups_id_seq; Type: SEQUENCE SET; Schema: public; Owner: app_user
--

SELECT pg_catalog.setval('public.auth_user_groups_id_seq', 1, false);


--
-- TOC entry 5104 (class 0 OID 0)
-- Dependencies: 247
-- Name: auth_user_id_seq; Type: SEQUENCE SET; Schema: public; Owner: app_user
--

SELECT pg_catalog.setval('public.auth_user_id_seq', 2, true);


--
-- TOC entry 5105 (class 0 OID 0)
-- Dependencies: 251
-- Name: auth_user_user_permissions_id_seq; Type: SEQUENCE SET; Schema: public; Owner: app_user
--

SELECT pg_catalog.setval('public.auth_user_user_permissions_id_seq', 1, false);


--
-- TOC entry 5106 (class 0 OID 0)
-- Dependencies: 223
-- Name: datphong_madatphong_seq; Type: SEQUENCE SET; Schema: public; Owner: postgres
--

SELECT pg_catalog.setval('public.datphong_madatphong_seq', 5, true);


--
-- TOC entry 5107 (class 0 OID 0)
-- Dependencies: 231
-- Name: dichvu_madichvu_seq; Type: SEQUENCE SET; Schema: public; Owner: postgres
--

SELECT pg_catalog.setval('public.dichvu_madichvu_seq', 5, true);


--
-- TOC entry 5108 (class 0 OID 0)
-- Dependencies: 253
-- Name: django_admin_log_id_seq; Type: SEQUENCE SET; Schema: public; Owner: app_user
--

SELECT pg_catalog.setval('public.django_admin_log_id_seq', 1, false);


--
-- TOC entry 5109 (class 0 OID 0)
-- Dependencies: 239
-- Name: django_content_type_id_seq; Type: SEQUENCE SET; Schema: public; Owner: app_user
--

SELECT pg_catalog.setval('public.django_content_type_id_seq', 7, true);


--
-- TOC entry 5110 (class 0 OID 0)
-- Dependencies: 237
-- Name: django_migrations_id_seq; Type: SEQUENCE SET; Schema: public; Owner: app_user
--

SELECT pg_catalog.setval('public.django_migrations_id_seq', 18, true);


--
-- TOC entry 5111 (class 0 OID 0)
-- Dependencies: 225
-- Name: hoadon_mahoadon_seq; Type: SEQUENCE SET; Schema: public; Owner: postgres
--

SELECT pg_catalog.setval('public.hoadon_mahoadon_seq', 5, true);


--
-- TOC entry 5112 (class 0 OID 0)
-- Dependencies: 217
-- Name: khachhang_makhachhang_seq; Type: SEQUENCE SET; Schema: public; Owner: postgres
--

SELECT pg_catalog.setval('public.khachhang_makhachhang_seq', 5, true);


--
-- TOC entry 5113 (class 0 OID 0)
-- Dependencies: 219
-- Name: loaiphong_maloaiphong_seq; Type: SEQUENCE SET; Schema: public; Owner: postgres
--

SELECT pg_catalog.setval('public.loaiphong_maloaiphong_seq', 5, true);


--
-- TOC entry 5114 (class 0 OID 0)
-- Dependencies: 229
-- Name: nhanvien_manhanvien_seq; Type: SEQUENCE SET; Schema: public; Owner: postgres
--

SELECT pg_catalog.setval('public.nhanvien_manhanvien_seq', 5, true);


--
-- TOC entry 5115 (class 0 OID 0)
-- Dependencies: 221
-- Name: phong_maphong_seq; Type: SEQUENCE SET; Schema: public; Owner: postgres
--

SELECT pg_catalog.setval('public.phong_maphong_seq', 5, true);


--
-- TOC entry 5116 (class 0 OID 0)
-- Dependencies: 233
-- Name: sudungdichvu_masddv_seq; Type: SEQUENCE SET; Schema: public; Owner: postgres
--

SELECT pg_catalog.setval('public.sudungdichvu_masddv_seq', 5, true);


--
-- TOC entry 5117 (class 0 OID 0)
-- Dependencies: 235
-- Name: taikhoan_mataikhoan_seq; Type: SEQUENCE SET; Schema: public; Owner: postgres
--

SELECT pg_catalog.setval('public.taikhoan_mataikhoan_seq', 5, true);


--
-- TOC entry 5118 (class 0 OID 0)
-- Dependencies: 227
-- Name: thanhtoan_mathanhtoan_seq; Type: SEQUENCE SET; Schema: public; Owner: postgres
--

SELECT pg_catalog.setval('public.thanhtoan_mathanhtoan_seq', 5, true);


--
-- TOC entry 4838 (class 2606 OID 17273)
-- Name: auth_group auth_group_name_key; Type: CONSTRAINT; Schema: public; Owner: app_user
--

ALTER TABLE ONLY public.auth_group
    ADD CONSTRAINT auth_group_name_key UNIQUE (name);


--
-- TOC entry 4843 (class 2606 OID 17204)
-- Name: auth_group_permissions auth_group_permissions_group_id_permission_id_0cd325b0_uniq; Type: CONSTRAINT; Schema: public; Owner: app_user
--

ALTER TABLE ONLY public.auth_group_permissions
    ADD CONSTRAINT auth_group_permissions_group_id_permission_id_0cd325b0_uniq UNIQUE (group_id, permission_id);


--
-- TOC entry 4846 (class 2606 OID 17173)
-- Name: auth_group_permissions auth_group_permissions_pkey; Type: CONSTRAINT; Schema: public; Owner: app_user
--

ALTER TABLE ONLY public.auth_group_permissions
    ADD CONSTRAINT auth_group_permissions_pkey PRIMARY KEY (id);


--
-- TOC entry 4840 (class 2606 OID 17165)
-- Name: auth_group auth_group_pkey; Type: CONSTRAINT; Schema: public; Owner: app_user
--

ALTER TABLE ONLY public.auth_group
    ADD CONSTRAINT auth_group_pkey PRIMARY KEY (id);


--
-- TOC entry 4833 (class 2606 OID 17195)
-- Name: auth_permission auth_permission_content_type_id_codename_01ab375a_uniq; Type: CONSTRAINT; Schema: public; Owner: app_user
--

ALTER TABLE ONLY public.auth_permission
    ADD CONSTRAINT auth_permission_content_type_id_codename_01ab375a_uniq UNIQUE (content_type_id, codename);


--
-- TOC entry 4835 (class 2606 OID 17159)
-- Name: auth_permission auth_permission_pkey; Type: CONSTRAINT; Schema: public; Owner: app_user
--

ALTER TABLE ONLY public.auth_permission
    ADD CONSTRAINT auth_permission_pkey PRIMARY KEY (id);


--
-- TOC entry 4854 (class 2606 OID 17187)
-- Name: auth_user_groups auth_user_groups_pkey; Type: CONSTRAINT; Schema: public; Owner: app_user
--

ALTER TABLE ONLY public.auth_user_groups
    ADD CONSTRAINT auth_user_groups_pkey PRIMARY KEY (id);


--
-- TOC entry 4857 (class 2606 OID 17219)
-- Name: auth_user_groups auth_user_groups_user_id_group_id_94350c0c_uniq; Type: CONSTRAINT; Schema: public; Owner: app_user
--

ALTER TABLE ONLY public.auth_user_groups
    ADD CONSTRAINT auth_user_groups_user_id_group_id_94350c0c_uniq UNIQUE (user_id, group_id);


--
-- TOC entry 4848 (class 2606 OID 17179)
-- Name: auth_user auth_user_pkey; Type: CONSTRAINT; Schema: public; Owner: app_user
--

ALTER TABLE ONLY public.auth_user
    ADD CONSTRAINT auth_user_pkey PRIMARY KEY (id);


--
-- TOC entry 4860 (class 2606 OID 17193)
-- Name: auth_user_user_permissions auth_user_user_permissions_pkey; Type: CONSTRAINT; Schema: public; Owner: app_user
--

ALTER TABLE ONLY public.auth_user_user_permissions
    ADD CONSTRAINT auth_user_user_permissions_pkey PRIMARY KEY (id);


--
-- TOC entry 4863 (class 2606 OID 17233)
-- Name: auth_user_user_permissions auth_user_user_permissions_user_id_permission_id_14a6b632_uniq; Type: CONSTRAINT; Schema: public; Owner: app_user
--

ALTER TABLE ONLY public.auth_user_user_permissions
    ADD CONSTRAINT auth_user_user_permissions_user_id_permission_id_14a6b632_uniq UNIQUE (user_id, permission_id);


--
-- TOC entry 4851 (class 2606 OID 17268)
-- Name: auth_user auth_user_username_key; Type: CONSTRAINT; Schema: public; Owner: app_user
--

ALTER TABLE ONLY public.auth_user
    ADD CONSTRAINT auth_user_username_key UNIQUE (username);


--
-- TOC entry 4803 (class 2606 OID 17036)
-- Name: datphong datphong_pkey; Type: CONSTRAINT; Schema: public; Owner: postgres
--

ALTER TABLE ONLY public.datphong
    ADD CONSTRAINT datphong_pkey PRIMARY KEY (madatphong);


--
-- TOC entry 4816 (class 2606 OID 17093)
-- Name: dichvu dichvu_pkey; Type: CONSTRAINT; Schema: public; Owner: postgres
--

ALTER TABLE ONLY public.dichvu
    ADD CONSTRAINT dichvu_pkey PRIMARY KEY (madichvu);


--
-- TOC entry 4866 (class 2606 OID 17254)
-- Name: django_admin_log django_admin_log_pkey; Type: CONSTRAINT; Schema: public; Owner: app_user
--

ALTER TABLE ONLY public.django_admin_log
    ADD CONSTRAINT django_admin_log_pkey PRIMARY KEY (id);


--
-- TOC entry 4828 (class 2606 OID 17153)
-- Name: django_content_type django_content_type_app_label_model_76bd3d3b_uniq; Type: CONSTRAINT; Schema: public; Owner: app_user
--

ALTER TABLE ONLY public.django_content_type
    ADD CONSTRAINT django_content_type_app_label_model_76bd3d3b_uniq UNIQUE (app_label, model);


--
-- TOC entry 4830 (class 2606 OID 17151)
-- Name: django_content_type django_content_type_pkey; Type: CONSTRAINT; Schema: public; Owner: app_user
--

ALTER TABLE ONLY public.django_content_type
    ADD CONSTRAINT django_content_type_pkey PRIMARY KEY (id);


--
-- TOC entry 4826 (class 2606 OID 17145)
-- Name: django_migrations django_migrations_pkey; Type: CONSTRAINT; Schema: public; Owner: app_user
--

ALTER TABLE ONLY public.django_migrations
    ADD CONSTRAINT django_migrations_pkey PRIMARY KEY (id);


--
-- TOC entry 4870 (class 2606 OID 17281)
-- Name: django_session django_session_pkey; Type: CONSTRAINT; Schema: public; Owner: app_user
--

ALTER TABLE ONLY public.django_session
    ADD CONSTRAINT django_session_pkey PRIMARY KEY (session_key);


--
-- TOC entry 4808 (class 2606 OID 17057)
-- Name: hoadon hoadon_pkey; Type: CONSTRAINT; Schema: public; Owner: postgres
--

ALTER TABLE ONLY public.hoadon
    ADD CONSTRAINT hoadon_pkey PRIMARY KEY (mahoadon);


--
-- TOC entry 4794 (class 2606 OID 17005)
-- Name: khachhang khachhang_cccd_key; Type: CONSTRAINT; Schema: public; Owner: postgres
--

ALTER TABLE ONLY public.khachhang
    ADD CONSTRAINT khachhang_cccd_key UNIQUE (cccd);


--
-- TOC entry 4796 (class 2606 OID 17003)
-- Name: khachhang khachhang_pkey; Type: CONSTRAINT; Schema: public; Owner: postgres
--

ALTER TABLE ONLY public.khachhang
    ADD CONSTRAINT khachhang_pkey PRIMARY KEY (makhachhang);


--
-- TOC entry 4798 (class 2606 OID 17013)
-- Name: loaiphong loaiphong_pkey; Type: CONSTRAINT; Schema: public; Owner: postgres
--

ALTER TABLE ONLY public.loaiphong
    ADD CONSTRAINT loaiphong_pkey PRIMARY KEY (maloaiphong);


--
-- TOC entry 4814 (class 2606 OID 17085)
-- Name: nhanvien nhanvien_pkey; Type: CONSTRAINT; Schema: public; Owner: postgres
--

ALTER TABLE ONLY public.nhanvien
    ADD CONSTRAINT nhanvien_pkey PRIMARY KEY (manhanvien);


--
-- TOC entry 4801 (class 2606 OID 17021)
-- Name: phong phong_pkey; Type: CONSTRAINT; Schema: public; Owner: postgres
--

ALTER TABLE ONLY public.phong
    ADD CONSTRAINT phong_pkey PRIMARY KEY (maphong);


--
-- TOC entry 4820 (class 2606 OID 17099)
-- Name: sudungdichvu sudungdichvu_pkey; Type: CONSTRAINT; Schema: public; Owner: postgres
--

ALTER TABLE ONLY public.sudungdichvu
    ADD CONSTRAINT sudungdichvu_pkey PRIMARY KEY (masddv);


--
-- TOC entry 4824 (class 2606 OID 17119)
-- Name: taikhoan taikhoan_pkey; Type: CONSTRAINT; Schema: public; Owner: postgres
--

ALTER TABLE ONLY public.taikhoan
    ADD CONSTRAINT taikhoan_pkey PRIMARY KEY (mataikhoan);


--
-- TOC entry 4812 (class 2606 OID 17071)
-- Name: thanhtoan thanhtoan_pkey; Type: CONSTRAINT; Schema: public; Owner: postgres
--

ALTER TABLE ONLY public.thanhtoan
    ADD CONSTRAINT thanhtoan_pkey PRIMARY KEY (mathanhtoan);


--
-- TOC entry 4836 (class 1259 OID 17274)
-- Name: auth_group_name_a6ea08ec_like; Type: INDEX; Schema: public; Owner: app_user
--

CREATE INDEX auth_group_name_a6ea08ec_like ON public.auth_group USING btree (name varchar_pattern_ops);


--
-- TOC entry 4841 (class 1259 OID 17215)
-- Name: auth_group_permissions_group_id_b120cbf9; Type: INDEX; Schema: public; Owner: app_user
--

CREATE INDEX auth_group_permissions_group_id_b120cbf9 ON public.auth_group_permissions USING btree (group_id);


--
-- TOC entry 4844 (class 1259 OID 17216)
-- Name: auth_group_permissions_permission_id_84c5c92e; Type: INDEX; Schema: public; Owner: app_user
--

CREATE INDEX auth_group_permissions_permission_id_84c5c92e ON public.auth_group_permissions USING btree (permission_id);


--
-- TOC entry 4831 (class 1259 OID 17201)
-- Name: auth_permission_content_type_id_2f476e4b; Type: INDEX; Schema: public; Owner: app_user
--

CREATE INDEX auth_permission_content_type_id_2f476e4b ON public.auth_permission USING btree (content_type_id);


--
-- TOC entry 4852 (class 1259 OID 17231)
-- Name: auth_user_groups_group_id_97559544; Type: INDEX; Schema: public; Owner: app_user
--

CREATE INDEX auth_user_groups_group_id_97559544 ON public.auth_user_groups USING btree (group_id);


--
-- TOC entry 4855 (class 1259 OID 17230)
-- Name: auth_user_groups_user_id_6a12ed8b; Type: INDEX; Schema: public; Owner: app_user
--

CREATE INDEX auth_user_groups_user_id_6a12ed8b ON public.auth_user_groups USING btree (user_id);


--
-- TOC entry 4858 (class 1259 OID 17245)
-- Name: auth_user_user_permissions_permission_id_1fbb5f2c; Type: INDEX; Schema: public; Owner: app_user
--

CREATE INDEX auth_user_user_permissions_permission_id_1fbb5f2c ON public.auth_user_user_permissions USING btree (permission_id);


--
-- TOC entry 4861 (class 1259 OID 17244)
-- Name: auth_user_user_permissions_user_id_a95ead1b; Type: INDEX; Schema: public; Owner: app_user
--

CREATE INDEX auth_user_user_permissions_user_id_a95ead1b ON public.auth_user_user_permissions USING btree (user_id);


--
-- TOC entry 4849 (class 1259 OID 17269)
-- Name: auth_user_username_6821ab7c_like; Type: INDEX; Schema: public; Owner: app_user
--

CREATE INDEX auth_user_username_6821ab7c_like ON public.auth_user USING btree (username varchar_pattern_ops);


--
-- TOC entry 4864 (class 1259 OID 17265)
-- Name: django_admin_log_content_type_id_c4bce8eb; Type: INDEX; Schema: public; Owner: app_user
--

CREATE INDEX django_admin_log_content_type_id_c4bce8eb ON public.django_admin_log USING btree (content_type_id);


--
-- TOC entry 4867 (class 1259 OID 17266)
-- Name: django_admin_log_user_id_c564eba6; Type: INDEX; Schema: public; Owner: app_user
--

CREATE INDEX django_admin_log_user_id_c564eba6 ON public.django_admin_log USING btree (user_id);


--
-- TOC entry 4868 (class 1259 OID 17283)
-- Name: django_session_expire_date_a5c62663; Type: INDEX; Schema: public; Owner: app_user
--

CREATE INDEX django_session_expire_date_a5c62663 ON public.django_session USING btree (expire_date);


--
-- TOC entry 4871 (class 1259 OID 17282)
-- Name: django_session_session_key_c0390e0f_like; Type: INDEX; Schema: public; Owner: app_user
--

CREATE INDEX django_session_session_key_c0390e0f_like ON public.django_session USING btree (session_key varchar_pattern_ops);


--
-- TOC entry 4804 (class 1259 OID 17049)
-- Name: ix_datphong_dates; Type: INDEX; Schema: public; Owner: postgres
--

CREATE INDEX ix_datphong_dates ON public.datphong USING btree (ngaynhan, ngaytra);


--
-- TOC entry 4805 (class 1259 OID 17047)
-- Name: ix_datphong_makhachhang; Type: INDEX; Schema: public; Owner: postgres
--

CREATE INDEX ix_datphong_makhachhang ON public.datphong USING btree (makhachhang);


--
-- TOC entry 4806 (class 1259 OID 17048)
-- Name: ix_datphong_maphong; Type: INDEX; Schema: public; Owner: postgres
--

CREATE INDEX ix_datphong_maphong ON public.datphong USING btree (maphong);


--
-- TOC entry 4809 (class 1259 OID 17063)
-- Name: ix_hoadon_madatphong; Type: INDEX; Schema: public; Owner: postgres
--

CREATE INDEX ix_hoadon_madatphong ON public.hoadon USING btree (madatphong);


--
-- TOC entry 4799 (class 1259 OID 17027)
-- Name: ix_phong_maloaiphong; Type: INDEX; Schema: public; Owner: postgres
--

CREATE INDEX ix_phong_maloaiphong ON public.phong USING btree (maloaiphong);


--
-- TOC entry 4817 (class 1259 OID 17110)
-- Name: ix_sddv_madatphong; Type: INDEX; Schema: public; Owner: postgres
--

CREATE INDEX ix_sddv_madatphong ON public.sudungdichvu USING btree (madatphong);


--
-- TOC entry 4818 (class 1259 OID 17111)
-- Name: ix_sddv_madichvu; Type: INDEX; Schema: public; Owner: postgres
--

CREATE INDEX ix_sddv_madichvu ON public.sudungdichvu USING btree (madichvu);


--
-- TOC entry 4821 (class 1259 OID 17130)
-- Name: ix_taikhoan_makhachhang; Type: INDEX; Schema: public; Owner: postgres
--

CREATE INDEX ix_taikhoan_makhachhang ON public.taikhoan USING btree (makhachhang);


--
-- TOC entry 4822 (class 1259 OID 17131)
-- Name: ix_taikhoan_manhanvien; Type: INDEX; Schema: public; Owner: postgres
--

CREATE INDEX ix_taikhoan_manhanvien ON public.taikhoan USING btree (manhanvien);


--
-- TOC entry 4810 (class 1259 OID 17077)
-- Name: ix_thanhtoan_mahoadon; Type: INDEX; Schema: public; Owner: postgres
--

CREATE INDEX ix_thanhtoan_mahoadon ON public.thanhtoan USING btree (mahoadon);


--
-- TOC entry 4882 (class 2606 OID 17210)
-- Name: auth_group_permissions auth_group_permissio_permission_id_84c5c92e_fk_auth_perm; Type: FK CONSTRAINT; Schema: public; Owner: app_user
--

ALTER TABLE ONLY public.auth_group_permissions
    ADD CONSTRAINT auth_group_permissio_permission_id_84c5c92e_fk_auth_perm FOREIGN KEY (permission_id) REFERENCES public.auth_permission(id) DEFERRABLE INITIALLY DEFERRED;


--
-- TOC entry 4883 (class 2606 OID 17205)
-- Name: auth_group_permissions auth_group_permissions_group_id_b120cbf9_fk_auth_group_id; Type: FK CONSTRAINT; Schema: public; Owner: app_user
--

ALTER TABLE ONLY public.auth_group_permissions
    ADD CONSTRAINT auth_group_permissions_group_id_b120cbf9_fk_auth_group_id FOREIGN KEY (group_id) REFERENCES public.auth_group(id) DEFERRABLE INITIALLY DEFERRED;


--
-- TOC entry 4881 (class 2606 OID 17196)
-- Name: auth_permission auth_permission_content_type_id_2f476e4b_fk_django_co; Type: FK CONSTRAINT; Schema: public; Owner: app_user
--

ALTER TABLE ONLY public.auth_permission
    ADD CONSTRAINT auth_permission_content_type_id_2f476e4b_fk_django_co FOREIGN KEY (content_type_id) REFERENCES public.django_content_type(id) DEFERRABLE INITIALLY DEFERRED;


--
-- TOC entry 4884 (class 2606 OID 17225)
-- Name: auth_user_groups auth_user_groups_group_id_97559544_fk_auth_group_id; Type: FK CONSTRAINT; Schema: public; Owner: app_user
--

ALTER TABLE ONLY public.auth_user_groups
    ADD CONSTRAINT auth_user_groups_group_id_97559544_fk_auth_group_id FOREIGN KEY (group_id) REFERENCES public.auth_group(id) DEFERRABLE INITIALLY DEFERRED;


--
-- TOC entry 4885 (class 2606 OID 17220)
-- Name: auth_user_groups auth_user_groups_user_id_6a12ed8b_fk_auth_user_id; Type: FK CONSTRAINT; Schema: public; Owner: app_user
--

ALTER TABLE ONLY public.auth_user_groups
    ADD CONSTRAINT auth_user_groups_user_id_6a12ed8b_fk_auth_user_id FOREIGN KEY (user_id) REFERENCES public.auth_user(id) DEFERRABLE INITIALLY DEFERRED;


--
-- TOC entry 4886 (class 2606 OID 17239)
-- Name: auth_user_user_permissions auth_user_user_permi_permission_id_1fbb5f2c_fk_auth_perm; Type: FK CONSTRAINT; Schema: public; Owner: app_user
--

ALTER TABLE ONLY public.auth_user_user_permissions
    ADD CONSTRAINT auth_user_user_permi_permission_id_1fbb5f2c_fk_auth_perm FOREIGN KEY (permission_id) REFERENCES public.auth_permission(id) DEFERRABLE INITIALLY DEFERRED;


--
-- TOC entry 4887 (class 2606 OID 17234)
-- Name: auth_user_user_permissions auth_user_user_permissions_user_id_a95ead1b_fk_auth_user_id; Type: FK CONSTRAINT; Schema: public; Owner: app_user
--

ALTER TABLE ONLY public.auth_user_user_permissions
    ADD CONSTRAINT auth_user_user_permissions_user_id_a95ead1b_fk_auth_user_id FOREIGN KEY (user_id) REFERENCES public.auth_user(id) DEFERRABLE INITIALLY DEFERRED;


--
-- TOC entry 4873 (class 2606 OID 17037)
-- Name: datphong datphong_makhachhang_fkey; Type: FK CONSTRAINT; Schema: public; Owner: postgres
--

ALTER TABLE ONLY public.datphong
    ADD CONSTRAINT datphong_makhachhang_fkey FOREIGN KEY (makhachhang) REFERENCES public.khachhang(makhachhang);


--
-- TOC entry 4874 (class 2606 OID 17042)
-- Name: datphong datphong_maphong_fkey; Type: FK CONSTRAINT; Schema: public; Owner: postgres
--

ALTER TABLE ONLY public.datphong
    ADD CONSTRAINT datphong_maphong_fkey FOREIGN KEY (maphong) REFERENCES public.phong(maphong);


--
-- TOC entry 4888 (class 2606 OID 17255)
-- Name: django_admin_log django_admin_log_content_type_id_c4bce8eb_fk_django_co; Type: FK CONSTRAINT; Schema: public; Owner: app_user
--

ALTER TABLE ONLY public.django_admin_log
    ADD CONSTRAINT django_admin_log_content_type_id_c4bce8eb_fk_django_co FOREIGN KEY (content_type_id) REFERENCES public.django_content_type(id) DEFERRABLE INITIALLY DEFERRED;


--
-- TOC entry 4889 (class 2606 OID 17260)
-- Name: django_admin_log django_admin_log_user_id_c564eba6_fk_auth_user_id; Type: FK CONSTRAINT; Schema: public; Owner: app_user
--

ALTER TABLE ONLY public.django_admin_log
    ADD CONSTRAINT django_admin_log_user_id_c564eba6_fk_auth_user_id FOREIGN KEY (user_id) REFERENCES public.auth_user(id) DEFERRABLE INITIALLY DEFERRED;


--
-- TOC entry 4875 (class 2606 OID 17058)
-- Name: hoadon hoadon_madatphong_fkey; Type: FK CONSTRAINT; Schema: public; Owner: postgres
--

ALTER TABLE ONLY public.hoadon
    ADD CONSTRAINT hoadon_madatphong_fkey FOREIGN KEY (madatphong) REFERENCES public.datphong(madatphong);


--
-- TOC entry 4872 (class 2606 OID 17022)
-- Name: phong phong_maloaiphong_fkey; Type: FK CONSTRAINT; Schema: public; Owner: postgres
--

ALTER TABLE ONLY public.phong
    ADD CONSTRAINT phong_maloaiphong_fkey FOREIGN KEY (maloaiphong) REFERENCES public.loaiphong(maloaiphong);


--
-- TOC entry 4877 (class 2606 OID 17100)
-- Name: sudungdichvu sudungdichvu_madatphong_fkey; Type: FK CONSTRAINT; Schema: public; Owner: postgres
--

ALTER TABLE ONLY public.sudungdichvu
    ADD CONSTRAINT sudungdichvu_madatphong_fkey FOREIGN KEY (madatphong) REFERENCES public.datphong(madatphong);


--
-- TOC entry 4878 (class 2606 OID 17105)
-- Name: sudungdichvu sudungdichvu_madichvu_fkey; Type: FK CONSTRAINT; Schema: public; Owner: postgres
--

ALTER TABLE ONLY public.sudungdichvu
    ADD CONSTRAINT sudungdichvu_madichvu_fkey FOREIGN KEY (madichvu) REFERENCES public.dichvu(madichvu);


--
-- TOC entry 4879 (class 2606 OID 17120)
-- Name: taikhoan taikhoan_makhachhang_fkey; Type: FK CONSTRAINT; Schema: public; Owner: postgres
--

ALTER TABLE ONLY public.taikhoan
    ADD CONSTRAINT taikhoan_makhachhang_fkey FOREIGN KEY (makhachhang) REFERENCES public.khachhang(makhachhang);


--
-- TOC entry 4880 (class 2606 OID 17125)
-- Name: taikhoan taikhoan_manhanvien_fkey; Type: FK CONSTRAINT; Schema: public; Owner: postgres
--

ALTER TABLE ONLY public.taikhoan
    ADD CONSTRAINT taikhoan_manhanvien_fkey FOREIGN KEY (manhanvien) REFERENCES public.nhanvien(manhanvien);


--
-- TOC entry 4876 (class 2606 OID 17072)
-- Name: thanhtoan thanhtoan_mahoadon_fkey; Type: FK CONSTRAINT; Schema: public; Owner: postgres
--

ALTER TABLE ONLY public.thanhtoan
    ADD CONSTRAINT thanhtoan_mahoadon_fkey FOREIGN KEY (mahoadon) REFERENCES public.hoadon(mahoadon);


--
-- TOC entry 5079 (class 0 OID 0)
-- Dependencies: 5
-- Name: SCHEMA public; Type: ACL; Schema: -; Owner: pg_database_owner
--

GRANT ALL ON SCHEMA public TO app_user;


--
-- TOC entry 5080 (class 0 OID 0)
-- Dependencies: 224
-- Name: TABLE datphong; Type: ACL; Schema: public; Owner: postgres
--

GRANT SELECT,INSERT,DELETE,UPDATE ON TABLE public.datphong TO app_user;


--
-- TOC entry 5081 (class 0 OID 0)
-- Dependencies: 223
-- Name: SEQUENCE datphong_madatphong_seq; Type: ACL; Schema: public; Owner: postgres
--

GRANT ALL ON SEQUENCE public.datphong_madatphong_seq TO app_user;


--
-- TOC entry 5082 (class 0 OID 0)
-- Dependencies: 232
-- Name: TABLE dichvu; Type: ACL; Schema: public; Owner: postgres
--

GRANT SELECT,INSERT,DELETE,UPDATE ON TABLE public.dichvu TO app_user;


--
-- TOC entry 5083 (class 0 OID 0)
-- Dependencies: 231
-- Name: SEQUENCE dichvu_madichvu_seq; Type: ACL; Schema: public; Owner: postgres
--

GRANT ALL ON SEQUENCE public.dichvu_madichvu_seq TO app_user;


--
-- TOC entry 5084 (class 0 OID 0)
-- Dependencies: 226
-- Name: TABLE hoadon; Type: ACL; Schema: public; Owner: postgres
--

GRANT SELECT,INSERT,DELETE,UPDATE ON TABLE public.hoadon TO app_user;


--
-- TOC entry 5085 (class 0 OID 0)
-- Dependencies: 225
-- Name: SEQUENCE hoadon_mahoadon_seq; Type: ACL; Schema: public; Owner: postgres
--

GRANT ALL ON SEQUENCE public.hoadon_mahoadon_seq TO app_user;


--
-- TOC entry 5086 (class 0 OID 0)
-- Dependencies: 218
-- Name: TABLE khachhang; Type: ACL; Schema: public; Owner: postgres
--

GRANT SELECT,INSERT,DELETE,UPDATE ON TABLE public.khachhang TO app_user;


--
-- TOC entry 5087 (class 0 OID 0)
-- Dependencies: 217
-- Name: SEQUENCE khachhang_makhachhang_seq; Type: ACL; Schema: public; Owner: postgres
--

GRANT ALL ON SEQUENCE public.khachhang_makhachhang_seq TO app_user;


--
-- TOC entry 5088 (class 0 OID 0)
-- Dependencies: 220
-- Name: TABLE loaiphong; Type: ACL; Schema: public; Owner: postgres
--

GRANT SELECT,INSERT,DELETE,UPDATE ON TABLE public.loaiphong TO app_user;


--
-- TOC entry 5089 (class 0 OID 0)
-- Dependencies: 219
-- Name: SEQUENCE loaiphong_maloaiphong_seq; Type: ACL; Schema: public; Owner: postgres
--

GRANT ALL ON SEQUENCE public.loaiphong_maloaiphong_seq TO app_user;


--
-- TOC entry 5090 (class 0 OID 0)
-- Dependencies: 230
-- Name: TABLE nhanvien; Type: ACL; Schema: public; Owner: postgres
--

GRANT SELECT,INSERT,DELETE,UPDATE ON TABLE public.nhanvien TO app_user;


--
-- TOC entry 5091 (class 0 OID 0)
-- Dependencies: 229
-- Name: SEQUENCE nhanvien_manhanvien_seq; Type: ACL; Schema: public; Owner: postgres
--

GRANT ALL ON SEQUENCE public.nhanvien_manhanvien_seq TO app_user;


--
-- TOC entry 5092 (class 0 OID 0)
-- Dependencies: 222
-- Name: TABLE phong; Type: ACL; Schema: public; Owner: postgres
--

GRANT SELECT,INSERT,DELETE,UPDATE ON TABLE public.phong TO app_user;


--
-- TOC entry 5093 (class 0 OID 0)
-- Dependencies: 221
-- Name: SEQUENCE phong_maphong_seq; Type: ACL; Schema: public; Owner: postgres
--

GRANT ALL ON SEQUENCE public.phong_maphong_seq TO app_user;


--
-- TOC entry 5094 (class 0 OID 0)
-- Dependencies: 234
-- Name: TABLE sudungdichvu; Type: ACL; Schema: public; Owner: postgres
--

GRANT SELECT,INSERT,DELETE,UPDATE ON TABLE public.sudungdichvu TO app_user;


--
-- TOC entry 5095 (class 0 OID 0)
-- Dependencies: 233
-- Name: SEQUENCE sudungdichvu_masddv_seq; Type: ACL; Schema: public; Owner: postgres
--

GRANT ALL ON SEQUENCE public.sudungdichvu_masddv_seq TO app_user;


--
-- TOC entry 5096 (class 0 OID 0)
-- Dependencies: 236
-- Name: TABLE taikhoan; Type: ACL; Schema: public; Owner: postgres
--

GRANT SELECT,INSERT,DELETE,UPDATE ON TABLE public.taikhoan TO app_user;


--
-- TOC entry 5097 (class 0 OID 0)
-- Dependencies: 235
-- Name: SEQUENCE taikhoan_mataikhoan_seq; Type: ACL; Schema: public; Owner: postgres
--

GRANT ALL ON SEQUENCE public.taikhoan_mataikhoan_seq TO app_user;


--
-- TOC entry 5098 (class 0 OID 0)
-- Dependencies: 228
-- Name: TABLE thanhtoan; Type: ACL; Schema: public; Owner: postgres
--

GRANT SELECT,INSERT,DELETE,UPDATE ON TABLE public.thanhtoan TO app_user;


--
-- TOC entry 5099 (class 0 OID 0)
-- Dependencies: 227
-- Name: SEQUENCE thanhtoan_mathanhtoan_seq; Type: ACL; Schema: public; Owner: postgres
--

GRANT ALL ON SEQUENCE public.thanhtoan_mathanhtoan_seq TO app_user;


--
-- TOC entry 2139 (class 826 OID 17286)
-- Name: DEFAULT PRIVILEGES FOR SEQUENCES; Type: DEFAULT ACL; Schema: public; Owner: postgres
--

ALTER DEFAULT PRIVILEGES FOR ROLE postgres IN SCHEMA public GRANT ALL ON SEQUENCES TO app_user;


--
-- TOC entry 2138 (class 826 OID 17285)
-- Name: DEFAULT PRIVILEGES FOR TABLES; Type: DEFAULT ACL; Schema: public; Owner: postgres
--

ALTER DEFAULT PRIVILEGES FOR ROLE postgres IN SCHEMA public GRANT SELECT,INSERT,DELETE,UPDATE ON TABLES TO app_user;


-- Completed on 2025-10-03 14:21:33

--
-- PostgreSQL database dump complete
--

